id,revenue
3001,8200131.0
3002,290933.7
3003,7442894.5
3004,9559215.0
3005,469301.56
3006,6815446.5
3007,2732773.8
3008,55831076.0
3009,21209076.0
3010,379018240.0
3011,471019.72
3012,155182.3
3013,45474844.0
3014,68996.4
3015,31215046.0
3016,386963.4
3017,150570110.0
3018,85478280.0
3019,29556086.0
3020,631311000.0
3021,43074780.0
3022,51782370.0
3023,604597.75
3024,24214044.0
3025,341061.97
3026,50105236.0
3027,2127151.0
3028,65762856.0
3029,418486.7
3030,41106524.0
3031,7459152.0
3032,4112267.5
3033,259336.1
3034,163713.03
3035,2479239.2
3036,6785698.5
3037,90357060.0
3038,15628504.0
3039,5495987.0
3040,1581542.0
3041,43195920.0
3042,2751918.0
3043,14785214.0
3044,2406137.8
3045,596040640.0
3046,547190.5
3047,3968605.0
3048,21974358.0
3049,26896600.0
3050,68392590.0
3051,516483.53
3052,15291701.0
3053,483979.4
3054,1060807.5
3055,40192372.0
3056,71154.67
3057,60396204.0
3058,230787550.0
3059,4350116.5
3060,50533156.0
3061,77529820.0
3062,10900915.0
3063,16382913.0
3064,47405230.0
3065,32996950.0
3066,89520904.0
3067,2849772.8
3068,75396856.0
3069,264463500.0
3070,2090972.5
3071,3433901.8
3072,416057900.0
3073,2097234.0
3074,329775.38
3075,26512498.0
3076,302222980.0
3077,11437247.0
3078,95751670.0
3079,47785524.0
3080,141048220.0
3081,22754596.0
3082,12057660.0
3083,7198067.0
3084,179170.05
3085,22237120.0
3086,76671730.0
3087,411383.94
3088,288791.22
3089,171681.2
3090,39163696.0
3091,54092490.0
3092,5295338.0
3093,147915520.0
3094,97119544.0
3095,53118250.0
3096,2081775.8
3097,917968960.0
3098,21920528.0
3099,38678320.0
3100,3185412.2
3101,15815138.0
3102,794143.75
3103,1395025.1
3104,1665033.8
3105,44503764.0
3106,61555704.0
3107,32364566.0
3108,10677787.0
3109,20694270.0
3110,282371600.0
3111,5136490.0
3112,195876.31
3113,7874208.0
3114,16992962.0
3115,13331014.0
3116,5868538.0
3117,142604.89
3118,1193387.1
3119,160727520.0
3120,116038120.0
3121,4538362.5
3122,5480372.5
3123,5933042.0
3124,1542815.8
3125,242896.7
3126,63534870.0
3127,14045113.0
3128,32112138.0
3129,365578700.0
3130,15683830.0
3131,1655829.1
3132,6986546.0
3133,406007.4
3134,15474674.0
3135,4667726.0
3136,4355512.5
3137,64834510.0
3138,639566.2
3139,26250580.0
3140,86354440.0
3141,17434004.0
3142,639692.1
3143,148620660.0
3144,13460202.0
3145,11671004.0
3146,1583440.0
3147,30351626.0
3148,2886495.0
3149,58054316.0
3150,90886480.0
3151,3589183.5
3152,6895625.5
3153,5527056.5
3154,14836548.0
3155,16576511.0
3156,8219066.5
3157,14428720.0
3158,150333520.0
3159,8899920.0
3160,18652242.0
3161,218665.45
3162,4405709.5
3163,89057450.0
3164,2047140.8
3165,67359.09
3166,576784.25
3167,57419920.0
3168,2482632.0
3169,27663718.0
3170,12800988.0
3171,15357181.0
3172,28304012.0
3173,357362.28
3174,1217718.5
3175,7267391.0
3176,30803418.0
3177,105040950.0
3178,1899956.4
3179,5396624.0
3180,4836706.0
3181,243879.86
3182,189343840.0
3183,24195576.0
3184,31857712.0
3185,81306744.0
3186,71731470.0
3187,6924528.5
3188,11194529.0
3189,72712680.0
3190,31374114.0
3191,7780715.5
3192,5308580.0
3193,377670820.0
3194,46225516.0
3195,596428.75
3196,3536074.8
3197,3402690.0
3198,165517120.0
3199,281302000.0
3200,10608689.0
3201,7457974.5
3202,3552011.0
3203,2108690.5
3204,1469952.8
3205,115173.99
3206,12624407.0
3207,19675194.0
3208,2635419.2
3209,2649988.0
3210,821151200.0
3211,345859.38
3212,24069564.0
3213,61009748.0
3214,4885746.5
3215,2197974.2
3216,4455718.5
3217,693134000.0
3218,8405939.0
3219,576634.25
3220,71053000.0
3221,4170776.5
3222,1921447.5
3223,21416362.0
3224,2528624.5
3225,5530480.5
3226,4089366.5
3227,45594440.0
3228,166853780.0
3229,102933430.0
3230,20033322.0
3231,34360084.0
3232,28317698.0
3233,9881792.0
3234,3104429.0
3235,4467659.5
3236,206171.33
3237,11099810.0
3238,4530465.5
3239,348794.0
3240,409255200.0
3241,1581493.4
3242,3350996.8
3243,4401011.5
3244,935228.8
3245,7733642.0
3246,25362568.0
3247,15418239.0
3248,37380476.0
3249,64882360.0
3250,321720960.0
3251,1476064.1
3252,11474861.0
3253,52067892.0
3254,449331.03
3255,281281.03
3256,42556080.0
3257,10585324.0
3258,15658474.0
3259,36422850.0
3260,1835988.6
3261,582757300.0
3262,61139180.0
3263,842549.8
3264,482832.6
3265,55823.027
3266,171110.84
3267,14236669.0
3268,136150.55
3269,42732440.0
3270,38491620.0
3271,1864478.2
3272,12286757.0
3273,16929702.0
3274,566107260.0
3275,25977226.0
3276,2461161.0
3277,3775699.5
3278,93964660.0
3279,8446060.0
3280,195765600.0
3281,279564.66
3282,1397204.8
3283,647616060.0
3284,25500002.0
3285,53355940.0
3286,136830.88
3287,8697608.0
3288,9564929.0
3289,31170372.0
3290,73601470.0
3291,21622192.0
3292,294184220.0
3293,52238000.0
3294,3139850.5
3295,6488598.0
3296,832969.4
3297,780002.1
3298,54184640.0
3299,4623021.5
3300,29740986.0
3301,873053.1
3302,3358135.0
3303,1370463.8
3304,11614893.0
3305,78533010.0
3306,758609.8
3307,44843396.0
3308,21755630.0
3309,1837759.8
3310,6403584.0
3311,2659386.2
3312,15815857.0
3313,39878916.0
3314,16615211.0
3315,60849824.0
3316,18893580.0
3317,1257886.5
3318,1098107.6
3319,3481972.5
3320,9759068.0
3321,9996208.0
3322,4447524.0
3323,121251660.0
3324,3400578.8
3325,87478470.0
3326,204211040.0
3327,56121004.0
3328,24894618.0
3329,5538694.0
3330,45427444.0
3331,1052947.6
3332,32179622.0
3333,257546060.0
3334,5972210.0
3335,23935858.0
3336,9355373.0
3337,45895.105
3338,18149460.0
3339,750049.9
3340,113428056.0
3341,4610108.5
3342,44454330.0
3343,31196688.0
3344,446494.2
3345,3589512.8
3346,22016608.0
3347,285379.47
3348,55454160.0
3349,40790700.0
3350,363721100.0
3351,31728816.0
3352,2798584.5
3353,51063652.0
3354,6162914.5
3355,5673068.0
3356,14149691.0
3357,817890.94
3358,16757525.0
3359,39203760.0
3360,9454340.0
3361,42182830.0
3362,4097988.5
3363,7904545.5
3364,31416092.0
3365,431016.03
3366,84917490.0
3367,92365990.0
3368,1938181.8
3369,33827870.0
3370,54218290.0
3371,27623968.0
3372,17904254.0
3373,51734230.0
3374,6513822.0
3375,79161780.0
3376,15677867.0
3377,6873760.5
3378,13363317.0
3379,143739680.0
3380,44842124.0
3381,3493965.2
3382,163825.67
3383,1835687.4
3384,37939580.0
3385,85469760.0
3386,2220060.0
3387,9380193.0
3388,90845690.0
3389,1080588000.0
3390,9427421.0
3391,6374419.5
3392,13351142.0
3393,7045070.5
3394,118923864.0
3395,183614990.0
3396,3505518.2
3397,158607.94
3398,286480450.0
3399,80931290.0
3400,8877732.0
3401,2243951.0
3402,1407493.1
3403,38466216.0
3404,9357715.0
3405,14672368.0
3406,216000590.0
3407,246442000.0
3408,45432864.0
3409,8960584.0
3410,9994431.0
3411,85286100.0
3412,9197925.0
3413,57264308.0
3414,1735072.6
3415,8981800.0
3416,36441508.0
3417,66028830.0
3418,38296996.0
3419,326606270.0
3420,951268.94
3421,8558181.0
3422,857860.75
3423,597115100.0
3424,799334.25
3425,2858809.5
3426,22543574.0
3427,19511558.0
3428,1771360.0
3429,28772110.0
3430,509968540.0
3431,1709307.0
3432,6668893.0
3433,7142401.5
3434,14200492.0
3435,447148740.0
3436,114655060.0
3437,4304716.0
3438,26060290.0
3439,37903636.0
3440,58342630.0
3441,51563656.0
3442,1788262.2
3443,3501175.5
3444,607121.75
3445,90790824.0
3446,1672535.9
3447,3050133.8
3448,27225096.0
3449,15817671.0
3450,90082750.0
3451,31205972.0
3452,35476696.0
3453,25573678.0
3454,60678616.0
3455,6017170.5
3456,100775190.0
3457,16690612.0
3458,11988962.0
3459,817346700.0
3460,27073490.0
3461,3873953.2
3462,31824770.0
3463,36929830.0
3464,350074.03
3465,23500928.0
3466,9365327.0
3467,12332041.0
3468,155718750.0
3469,2490034.8
3470,198156.2
3471,65998310.0
3472,1736235.4
3473,47638580.0
3474,71475740.0
3475,255083800.0
3476,5642046.5
3477,10320129.0
3478,2195121.2
3479,409068740.0
3480,8242875.5
3481,3844297.0
3482,3949964.2
3483,1976839.6
3484,743334.75
3485,100550590.0
3486,116360190.0
3487,212257940.0
3488,102453384.0
3489,6384226.0
3490,24370934.0
3491,27696186.0
3492,2486653.8
3493,24086384.0
3494,6082097.5
3495,82367260.0
3496,4859749.0
3497,30539842.0
3498,33533982.0
3499,25311092.0
3500,353635.34
3501,74619920.0
3502,33202836.0
3503,41033250.0
3504,12628049.0
3505,1564586.4
3506,70609190.0
3507,179724300.0
3508,13305020.0
3509,11101184.0
3510,16573463.0
3511,56848652.0
3512,179050740.0
3513,13202524.0
3514,17095052.0
3515,2999079.0
3516,14341023.0
3517,810461300.0
3518,24227456.0
3519,3268326.2
3520,4193136.5
3521,310926.16
3522,13694806.0
3523,16665871.0
3524,62396816.0
3525,106146080.0
3526,19013840.0
3527,10537792.0
3528,26360978.0
3529,326841860.0
3530,37263004.0
3531,50949508.0
3532,91376216.0
3533,21572942.0
3534,12877011.0
3535,183788940.0
3536,9404485.0
3537,52669124.0
3538,81964744.0
3539,35813120.0
3540,19085242.0
3541,26359156.0
3542,46439948.0
3543,337105.97
3544,32392152.0
3545,506138.47
3546,3872359.0
3547,149015280.0
3548,229660300.0
3549,1755157.2
3550,138967500.0
3551,94463700.0
3552,40578030.0
3553,22616510.0
3554,157465040.0
3555,207356670.0
3556,40391284.0
3557,5541326.5
3558,203950670.0
3559,29570240.0
3560,685053.6
3561,83481470.0
3562,6573222.5
3563,11382213.0
3564,1333386.9
3565,4582958.5
3566,59640184.0
3567,8793913.0
3568,7913316.5
3569,70115624.0
3570,888186.3
3571,37591004.0
3572,132688090.0
3573,3305696.5
3574,28013568.0
3575,9039477.0
3576,27520564.0
3577,10200902.0
3578,38602460.0
3579,21590140.0
3580,18201964.0
3581,14204891.0
3582,111956520.0
3583,377434.8
3584,15719545.0
3585,30795798.0
3586,16231048.0
3587,5898846.5
3588,3466012.2
3589,24979878.0
3590,10348467.0
3591,390481920.0
3592,1446836.2
3593,526567.25
3594,2633162.5
3595,16258219.0
3596,24743822.0
3597,7150663.5
3598,34721976.0
3599,6321789.0
3600,1416278.9
3601,122983.45
3602,573907.75
3603,12148071.0
3604,2741693.8
3605,56693744.0
3606,2183999.0
3607,29770738.0
3608,126668950.0
3609,1151116.6
3610,37724976.0
3611,1129202.1
3612,1589689.5
3613,1930365.9
3614,129821170.0
3615,25269492.0
3616,11044044.0
3617,20212422.0
3618,102931740.0
3619,226345.53
3620,164915280.0
3621,263641660.0
3622,362247940.0
3623,124653976.0
3624,185627.5
3625,3175342.2
3626,18554614.0
3627,38592780.0
3628,410019000.0
3629,4255707.0
3630,196137.72
3631,74123420.0
3632,17254828.0
3633,40766520.0
3634,1878279.4
3635,2789458.5
3636,44495944.0
3637,1336032.2
3638,23909970.0
3639,66597604.0
3640,248469580.0
3641,3014825.5
3642,1139162.8
3643,10915418.0
3644,6915388.5
3645,21873846.0
3646,9714348.0
3647,16743364.0
3648,2094556.6
3649,8241311.5
3650,13450767.0
3651,411180800.0
3652,17449778.0
3653,317524600.0
3654,2745708.0
3655,26521046.0
3656,4725788.5
3657,106182.84
3658,2959301.8
3659,164666750.0
3660,395899900.0
3661,12354985.0
3662,24025292.0
3663,657886600.0
3664,462379.56
3665,760513.2
3666,7175430.5
3667,167775140.0
3668,31696700.0
3669,3755315.8
3670,51932960.0
3671,30115838.0
3672,3550302.2
3673,116967290.0
3674,8056259.5
3675,189401390.0
3676,57289316.0
3677,7485825.0
3678,14637631.0
3679,62964132.0
3680,3608429.0
3681,6459676.5
3682,121187100.0
3683,1676443.2
3684,70872450.0
3685,96444020.0
3686,12224865.0
3687,155352670.0
3688,3495268.5
3689,1710307.4
3690,55106310.0
3691,1926031.4
3692,633926.5
3693,88428800.0
3694,152198200.0
3695,73317010.0
3696,33583556.0
3697,16419580.0
3698,40989010.0
3699,4764860.0
3700,8908385.0
3701,56480132.0
3702,86722.586
3703,65116976.0
3704,62518750.0
3705,17173752.0
3706,115868120.0
3707,649497.7
3708,14471427.0
3709,250305920.0
3710,5981398.0
3711,2890459.2
3712,33886404.0
3713,10042586.0
3714,3227780.0
3715,7778094.5
3716,5438541.0
3717,355491.75
3718,15616404.0
3719,37221680.0
3720,3755232.5
3721,192357.14
3722,36543116.0
3723,80168.56
3724,8075886.0
3725,34069770.0
3726,9636881.0
3727,64340616.0
3728,152624600.0
3729,20996952.0
3730,66048660.0
3731,193683360.0
3732,904057.8
3733,254833730.0
3734,283832960.0
3735,28013914.0
3736,13272300.0
3737,12677343.0
3738,511804.22
3739,5175177.0
3740,7433561.0
3741,14022314.0
3742,58898404.0
3743,20736314.0
3744,99573736.0
3745,27580214.0
3746,214955860.0
3747,147809.4
3748,4319338.5
3749,5319516.5
3750,547524.3
3751,7068097.0
3752,901961.1
3753,4998998.0
3754,28559318.0
3755,33256878.0
3756,2463109.0
3757,374937540.0
3758,77507720.0
3759,4856520.5
3760,186486350.0
3761,33818144.0
3762,254017490.0
3763,40534964.0
3764,26933014.0
3765,1492922.0
3766,5738694.5
3767,35916344.0
3768,8760538.0
3769,2064405.8
3770,2701888.5
3771,32000686.0
3772,13552728.0
3773,31470576.0
3774,17109842.0
3775,108815550.0
3776,58278976.0
3777,646787.4
3778,439243.5
3779,13950160.0
3780,184110.48
3781,21616408.0
3782,1292203.4
3783,24924168.0
3784,2752823.8
3785,245154830.0
3786,10808660.0
3787,155347280.0
3788,605520000.0
3789,10637580.0
3790,470155.16
3791,17578090.0
3792,279225.94
3793,758127.56
3794,841515.7
3795,314344580.0
3796,13534370.0
3797,10488387.0
3798,72846740.0
3799,6826955.5
3800,1030455.44
3801,84803410.0
3802,504550.75
3803,14291397.0
3804,374428.0
3805,642505.94
3806,114116744.0
3807,967618.94
3808,200135.7
3809,26711808.0
3810,3584878.2
3811,13432588.0
3812,1580911.4
3813,84839.375
3814,1157276.9
3815,65240150.0
3816,163446100.0
3817,177578020.0
3818,47906404.0
3819,32049840.0
3820,64436776.0
3821,101934344.0
3822,21444540.0
3823,8733751.0
3824,5024851.5
3825,30760916.0
3826,90796330.0
3827,62837668.0
3828,4638248.0
3829,697740.06
3830,42398896.0
3831,277588.56
3832,176502500.0
3833,42921092.0
3834,5140363.0
3835,4181561.2
3836,1607257.6
3837,23217438.0
3838,17969128.0
3839,1588923.0
3840,43222540.0
3841,6591131.0
3842,4893179.5
3843,16021070.0
3844,2124308.5
3845,10164.753
3846,736058.0
3847,1099688.8
3848,694436.44
3849,71071980.0
3850,11298021.0
3851,63502132.0
3852,3392987.2
3853,94852700.0
3854,263356.2
3855,895503.06
3856,11944917.0
3857,365318980.0
3858,420290.5
3859,12187409.0
3860,18372646.0
3861,32237596.0
3862,6016256.5
3863,97859860.0
3864,30203692.0
3865,83232070.0
3866,2793223.0
3867,37650424.0
3868,6264079.0
3869,62311160.0
3870,105680720.0
3871,450217100.0
3872,19190100.0
3873,16740144.0
3874,359561.78
3875,39711588.0
3876,99059.43
3877,52130840.0
3878,122287200.0
3879,535230370.0
3880,23183114.0
3881,114914.07
3882,4054750.5
3883,1946788.9
3884,548179900.0
3885,4723072.5
3886,39084400.0
3887,7453808.0
3888,6031562.0
3889,3362138.2
3890,180822130.0
3891,5889496.0
3892,2704387.5
3893,478264860.0
3894,88108430.0
3895,35920720.0
3896,48639810.0
3897,9024628.0
3898,20631848.0
3899,455397300.0
3900,26759636.0
3901,4571062.5
3902,951307.4
3903,2095785.8
3904,5748036.0
3905,13524243.0
3906,94901730.0
3907,3381789.5
3908,10360804.0
3909,2026642.6
3910,22490548.0
3911,331188.66
3912,11918970.0
3913,88277760.0
3914,18774612.0
3915,284037700.0
3916,496632.94
3917,4542784.5
3918,4873032.0
3919,50565310.0
3920,33821670.0
3921,62622.965
3922,29765082.0
3923,42479796.0
3924,15309858.0
3925,240941780.0
3926,1314879.8
3927,85825230.0
3928,106209060.0
3929,62602452.0
3930,1451992.8
3931,2301214.2
3932,4386853.5
3933,17897876.0
3934,77994610.0
3935,114456.18
3936,3658783.0
3937,137739840.0
3938,13091049.0
3939,32288254.0
3940,6035684.0
3941,18246796.0
3942,236585870.0
3943,1024200900.0
3944,17235308.0
3945,16215330.0
3946,2955959.5
3947,95687170.0
3948,3777496.0
3949,4699634.5
3950,3518109.0
3951,13188377.0
3952,37590096.0
3953,62619264.0
3954,700914750.0
3955,10871411.0
3956,36432212.0
3957,4781053.0
3958,1980395.2
3959,8955224.0
3960,2257525.8
3961,28887048.0
3962,1610985.5
3963,15695745.0
3964,913379300.0
3965,95183736.0
3966,17112848.0
3967,281176420.0
3968,31200174.0
3969,5918359.5
3970,23067506.0
3971,9854976.0
3972,17409702.0
3973,74948830.0
3974,1860377.2
3975,201368130.0
3976,39773490.0
3977,69283420.0
3978,227523060.0
3979,14650472.0
3980,722171.44
3981,1012083.2
3982,5005975.5
3983,11309516.0
3984,47570450.0
3985,4803541.0
3986,1175122600.0
3987,34659010.0
3988,5665651.0
3989,34466452.0
3990,20882008.0
3991,145893.23
3992,1589285.6
3993,14081030.0
3994,55496290.0
3995,35797344.0
3996,58274270.0
3997,8293316.0
3998,64827850.0
3999,11824975.0
4000,70180480.0
4001,3414741.5
4002,252029840.0
4003,71566.555
4004,52214090.0
4005,600182.9
4006,25941354.0
4007,668849.25
4008,5783982.5
4009,15629572.0
4010,1077776.2
4011,10642898.0
4012,190758560.0
4013,58273772.0
4014,740626.1
4015,52250930.0
4016,18340926.0
4017,5424297.0
4018,52334280.0
4019,257913500.0
4020,2450544.8
4021,139539380.0
4022,8572089.0
4023,181566850.0
4024,25618400.0
4025,248736.22
4026,76672720.0
4027,26483024.0
4028,1638920.2
4029,78912.6
4030,15338765.0
4031,43206710.0
4032,533659.94
4033,399576.56
4034,682326.25
4035,67990960.0
4036,1239142.1
4037,12381558.0
4038,3709775.8
4039,15574494.0
4040,3440222.2
4041,1003901.25
4042,46597184.0
4043,5278326.5
4044,61052016.0
4045,30766260.0
4046,4300179.0
4047,396800960.0
4048,9932911.0
4049,133635.47
4050,751352.6
4051,600010300.0
4052,12029151.0
4053,5774374.5
4054,491033.4
4055,9648685.0
4056,5187740.0
4057,65505.582
4058,6984711.0
4059,3952524.8
4060,45437860.0
4061,284197920.0
4062,25646854.0
4063,20656060.0
4064,537318400.0
4065,94367060.0
4066,5941474.0
4067,29234984.0
4068,7248883.5
4069,26475266.0
4070,18285620.0
4071,2960406.2
4072,11399798.0
4073,138084780.0
4074,31146.252
4075,12831734.0
4076,28986950.0
4077,259028510.0
4078,4976102.0
4079,74408340.0
4080,3120685.8
4081,6831524.5
4082,201790130.0
4083,36809716.0
4084,476887.84
4085,34017376.0
4086,114446200.0
4087,18510222.0
4088,47929788.0
4089,20216978.0
4090,4751376.5
4091,67773330.0
4092,47579290.0
4093,34003224.0
4094,3190085.2
4095,178365120.0
4096,9824813.0
4097,44134748.0
4098,5458972.5
4099,7744647.5
4100,30195766.0
4101,29065628.0
4102,2167635.5
4103,26354594.0
4104,4901024.0
4105,512406.78
4106,934364.94
4107,2658704.0
4108,21726344.0
4109,1894509.5
4110,22887686.0
4111,2451986.5
4112,18072300.0
4113,1053268.8
4114,124442450.0
4115,3681344.5
4116,23465714.0
4117,8329240.5
4118,42340412.0
4119,28478778.0
4120,1102780.6
4121,5382847.5
4122,127729790.0
4123,4283706.0
4124,24006988.0
4125,12519865.0
4126,19174336.0
4127,2219785.8
4128,19603614.0
4129,3844144.2
4130,2802797.8
4131,100473816.0
4132,82676190.0
4133,52163810.0
4134,5089759.0
4135,19648150.0
4136,524039460.0
4137,3001048.5
4138,39530864.0
4139,15663518.0
4140,2796366.8
4141,17172366.0
4142,43169980.0
4143,48743276.0
4144,2773182.8
4145,10982454.0
4146,4455674.0
4147,129726.914
4148,8949328.0
4149,3825951.8
4150,834056.7
4151,3872330.8
4152,17902588.0
4153,12506855.0
4154,2145800.8
4155,7186798.5
4156,7467326.0
4157,4308848.0
4158,13287224.0
4159,97911704.0
4160,506343940.0
4161,22604002.0
4162,21419614.0
4163,149516690.0
4164,6887300.0
4165,6383028.0
4166,1875786.8
4167,32975376.0
4168,2748833.8
4169,3351934.0
4170,4824992.5
4171,60429444.0
4172,26165366.0
4173,7132695.5
4174,1881241.6
4175,3160335.8
4176,23992878.0
4177,28290.94
4178,492526980.0
4179,1324624.6
4180,125735090.0
4181,28740616.0
4182,2698497.8
4183,79877500.0
4184,23122282.0
4185,2683868.5
4186,5720226.0
4187,21995886.0
4188,16840272.0
4189,526633.8
4190,665585.7
4191,945551.6
4192,25151.506
4193,208727220.0
4194,116715550.0
4195,8451199.0
4196,9506004.0
4197,26031546.0
4198,452380.7
4199,9687458.0
4200,61646696.0
4201,39795180.0
4202,32045800.0
4203,12590630.0
4204,66644464.0
4205,3970278.8
4206,16104799.0
4207,594043460.0
4208,515390560.0
4209,30568374.0
4210,73207630.0
4211,47084616.0
4212,223787570.0
4213,961035.7
4214,17051828.0
4215,1608436.6
4216,320181.22
4217,1379308.9
4218,32434810.0
4219,24977516.0
4220,22508852.0
4221,259078.81
4222,145612.22
4223,33180788.0
4224,945428.3
4225,30025114.0
4226,29889366.0
4227,24640954.0
4228,158843.05
4229,59308604.0
4230,26121138.0
4231,6554607.5
4232,9910328.0
4233,147547780.0
4234,19428330.0
4235,7263424.5
4236,2708611.0
4237,2537399.0
4238,42487064.0
4239,175205600.0
4240,184418990.0
4241,234387700.0
4242,25803524.0
4243,2105114.2
4244,51240132.0
4245,3006294.8
4246,613899.8
4247,34433264.0
4248,2754756.0
4249,44672628.0
4250,16511946.0
4251,2443176.8
4252,95883350.0
4253,96632536.0
4254,30926374.0
4255,58083250.0
4256,338510300.0
4257,87536000.0
4258,30270572.0
4259,242513.89
4260,324997600.0
4261,4751507.0
4262,2067134.9
4263,2345733.8
4264,561040450.0
4265,16896118.0
4266,3284431.8
4267,64295676.0
4268,15973946.0
4269,5555996.0
4270,439006300.0
4271,75166456.0
4272,900780.94
4273,28571246.0
4274,38734140.0
4275,2745109.8
4276,14369334.0
4277,41628564.0
4278,13066198.0
4279,21116578.0
4280,424794.72
4281,3534884.8
4282,52840180.0
4283,155858.7
4284,6920554.5
4285,3668.8757
4286,443387600.0
4287,64513316.0
4288,53951316.0
4289,56991484.0
4290,31877778.0
4291,6499577.5
4292,863262.6
4293,14177338.0
4294,182732700.0
4295,87765440.0
4296,19359602.0
4297,63025572.0
4298,1956560.4
4299,9248731.0
4300,32512712.0
4301,5600263.0
4302,3326059.0
4303,2334650.5
4304,14694431.0
4305,20322974.0
4306,13942098.0
4307,24848.62
4308,330807.12
4309,10936362.0
4310,2064252.8
4311,2117390.0
4312,53334796.0
4313,422750080.0
4314,6856003.5
4315,205831310.0
4316,347785440.0
4317,1737004.2
4318,31245714.0
4319,360452.1
4320,4475971.5
4321,82066460.0
4322,6631142.0
4323,10558665.0
4324,5001700.5
4325,1785402.5
4326,5055667.5
4327,54713464.0
4328,3639398.5
4329,268767.53
4330,518553000.0
4331,44901800.0
4332,62847290.0
4333,1281500.1
4334,50455230.0
4335,117593016.0
4336,18441986.0
4337,49625.65
4338,236661300.0
4339,73493560.0
4340,4313781.5
4341,13897863.0
4342,8689136.0
4343,30245178.0
4344,1872794.0
4345,3417800.2
4346,17900382.0
4347,66169384.0
4348,532750.0
4349,276080160.0
4350,1497104.9
4351,74383590.0
4352,765240.4
4353,48482600.0
4354,21583990.0
4355,26415726.0
4356,2284325.8
4357,58025892.0
4358,4953731.5
4359,19222938.0
4360,49332228.0
4361,85381570.0
4362,1885592.0
4363,77738950.0
4364,57639580.0
4365,2198671.2
4366,22177490.0
4367,28019800.0
4368,66207764.0
4369,32651988.0
4370,126581730.0
4371,39250028.0
4372,20592636.0
4373,8651652.0
4374,36213470.0
4375,1749157.2
4376,106225.16
4377,5572435.0
4378,51223210.0
4379,63287892.0
4380,72298820.0
4381,143516180.0
4382,447721380.0
4383,144458640.0
4384,52578080.0
4385,887924.5
4386,93227016.0
4387,32553046.0
4388,33417592.0
4389,349261700.0
4390,1095795.1
4391,822095.8
4392,72641030.0
4393,71243030.0
4394,31663052.0
4395,13033074.0
4396,44684196.0
4397,48534020.0
4398,189095380.0
4399,807782.2
4400,5755703.0
4401,22099652.0
4402,7678917.5
4403,15255301.0
4404,33335192.0
4405,18702738.0
4406,440531.7
4407,862846.7
4408,414796.06
4409,494862.47
4410,3457232.8
4411,6508370.0
4412,60256092.0
4413,63588590.0
4414,3461322.5
4415,6340862.5
4416,122599.61
4417,257552450.0
4418,1476005.6
4419,48652340.0
4420,318487650.0
4421,8607505.0
4422,5129946.5
4423,4120866.8
4424,1903953.8
4425,7548050.0
4426,15067129.0
4427,57332800.0
4428,2004385.5
4429,1122811.0
4430,106250.945
4431,867592.0
4432,188612340.0
4433,266018770.0
4434,294440350.0
4435,22405832.0
4436,21299684.0
4437,7282454.5
4438,626012.56
4439,7734364.0
4440,1364102.4
4441,25631166.0
4442,751222.44
4443,1888044.8
4444,3559080.2
4445,22954010.0
4446,854003.0
4447,108032950.0
4448,3586481.5
4449,4257208.5
4450,97471530.0
4451,628848960.0
4452,28455464.0
4453,1499236.8
4454,1234480.9
4455,7977554.5
4456,68463580.0
4457,2623843.0
4458,1755077.9
4459,57108760.0
4460,7766768.0
4461,68818580.0
4462,44021960.0
4463,2423451.2
4464,54958610.0
4465,13894765.0
4466,1059059.0
4467,16816982.0
4468,294271.56
4469,14525352.0
4470,30396734.0
4471,699313.75
4472,109213830.0
4473,3575645.2
4474,6952986.0
4475,3282225.0
4476,124992.89
4477,21974552.0
4478,1993094.0
4479,859851.6
4480,66293930.0
4481,12319539.0
4482,10348958.0
4483,2186378.5
4484,4585372.0
4485,37646900.0
4486,32691318.0
4487,11522256.0
4488,52722590.0
4489,52539108.0
4490,3396205.8
4491,107193500.0
4492,20886684.0
4493,1826526.0
4494,28557334.0
4495,15040873.0
4496,39140760.0
4497,5307612.0
4498,33419188.0
4499,199555.44
4500,240669020.0
4501,100262890.0
4502,14937828.0
4503,215941760.0
4504,2975574.5
4505,574989.06
4506,45875308.0
4507,187082.31
4508,592958.3
4509,809591.3
4510,10749565.0
4511,132412300.0
4512,742066.25
4513,45167036.0
4514,5773793.0
4515,217048880.0
4516,3804252.0
4517,8070593.5
4518,171285400.0
4519,52128476.0
4520,5803012.0
4521,24711736.0
4522,98429250.0
4523,15306528.0
4524,5381256.0
4525,4251268.0
4526,2586277.0
4527,16663184.0
4528,2285246.8
4529,1511028.1
4530,7605377.0
4531,2614495.8
4532,7099205.0
4533,32383332.0
4534,1671327.4
4535,56757744.0
4536,4214469.5
4537,3275790.8
4538,27675306.0
4539,1208263.0
4540,131238240.0
4541,10686977.0
4542,59501076.0
4543,51263372.0
4544,5378104.0
4545,352537.8
4546,266338.38
4547,2122341.5
4548,2830897.5
4549,690619.25
4550,17291804.0
4551,1019975900.0
4552,42855456.0
4553,6908810.5
4554,636783600.0
4555,789178.25
4556,54306400.0
4557,22315586.0
4558,8308169.5
4559,54759520.0
4560,81923100.0
4561,45266056.0
4562,633532.44
4563,169571680.0
4564,587814.1
4565,602190.56
4566,29259096.0
4567,66017696.0
4568,3171738.2
4569,11143926.0
4570,22251020.0
4571,2052648.4
4572,16677995.0
4573,17463514.0
4574,648068.75
4575,848971.8
4576,9534730.0
4577,2718177.0
4578,14156637.0
4579,2133718.8
4580,79013130.0
4581,11105950.0
4582,48135296.0
4583,158726500.0
4584,3202760.8
4585,168461860.0
4586,7175882.5
4587,5556762.5
4588,153063420.0
4589,3917191.8
4590,989224300.0
4591,38767028.0
4592,1509418.8
4593,1150799.9
4594,15625170.0
4595,348255360.0
4596,411128540.0
4597,18416744.0
4598,158411700.0
4599,11935739.0
4600,1750300.4
4601,14834625.0
4602,16930756.0
4603,21130654.0
4604,27607086.0
4605,337446500.0
4606,157606240.0
4607,19257678.0
4608,5066450.0
4609,16324175.0
4610,142392270.0
4611,9157524.0
4612,19397018.0
4613,24184160.0
4614,26005922.0
4615,3316257.8
4616,190326.16
4617,33455198.0
4618,359514.3
4619,6271773.0
4620,3264593.5
4621,236515420.0
4622,14416963.0
4623,26970034.0
4624,1129362.9
4625,12859986.0
4626,3381292.0
4627,21208620.0
4628,1447767.4
4629,1738168.9
4630,5053788.5
4631,9635790.0
4632,3948320.5
4633,1621679.9
4634,646079.06
4635,178548.98
4636,175236580.0
4637,3922057.5
4638,11358419.0
4639,296444.84
4640,33576224.0
4641,5385681.0
4642,20589702.0
4643,80844270.0
4644,1942231.8
4645,687494.6
4646,903212800.0
4647,663539.25
4648,1684505.1
4649,100511870.0
4650,95142550.0
4651,57763704.0
4652,316845280.0
4653,307867.62
4654,55720580.0
4655,48780044.0
4656,9729656.0
4657,3169027.8
4658,19507016.0
4659,1674207.2
4660,4397763.0
4661,20950886.0
4662,1649535.5
4663,15167190.0
4664,2818159.2
4665,28090276.0
4666,26632086.0
4667,150058190.0
4668,1488788.1
4669,7615772.0
4670,19040376.0
4671,5952910.0
4672,174121.22
4673,7888593.5
4674,4078882.0
4675,5919533.5
4676,452418.22
4677,277901.56
4678,3192209.5
4679,213550.25
4680,1144783.6
4681,22741746.0
4682,8235852.0
4683,2781014.2
4684,821039.9
4685,21867960.0
4686,4458614.5
4687,9769566.0
4688,108577464.0
4689,9224498.0
4690,12186494.0
4691,16796278.0
4692,11616575.0
4693,2182376.2
4694,8294932.5
4695,22319270.0
4696,27691988.0
4697,78656700.0
4698,746258.44
4699,4596626.0
4700,104135730.0
4701,183540960.0
4702,4718580.5
4703,11410846.0
4704,41415724.0
4705,68565920.0
4706,74094660.0
4707,5727713.5
4708,32105126.0
4709,90234.99
4710,194060320.0
4711,8502424.0
4712,639398.9
4713,513209860.0
4714,6436400.5
4715,616924.75
4716,1002567.75
4717,5792135.0
4718,8013144.0
4719,104593176.0
4720,2503474.8
4721,1365096.9
4722,64271130.0
4723,630239.56
4724,103772670.0
4725,11541306.0
4726,3102201.5
4727,9784227.0
4728,28705730.0
4729,39598550.0
4730,301875.1
4731,19860974.0
4732,289124450.0
4733,282507.56
4734,150028930.0
4735,15747985.0
4736,14527080.0
4737,46265284.0
4738,2804797.8
4739,64788510.0
4740,647648200.0
4741,213512.25
4742,93908410.0
4743,138861.19
4744,235202.83
4745,430539870.0
4746,30968172.0
4747,13472488.0
4748,68849224.0
4749,7185465.0
4750,4319630.5
4751,29574694.0
4752,2418677.8
4753,18899674.0
4754,738552500.0
4755,12698913.0
4756,31976892.0
4757,123492160.0
4758,75412330.0
4759,264339440.0
4760,1334665.4
4761,23460030.0
4762,7172985.5
4763,580568.2
4764,647160770.0
4765,17637886.0
4766,169595780.0
4767,17918410.0
4768,146167070.0
4769,26041526.0
4770,94689870.0
4771,35013264.0
4772,9411352.0
4773,18054508.0
4774,9702952.0
4775,841781.2
4776,1114593.9
4777,198891060.0
4778,55616348.0
4779,8507678.0
4780,228646500.0
4781,351864.84
4782,22381346.0
4783,9042047.0
4784,5272925.5
4785,26040468.0
4786,117774430.0
4787,57631144.0
4788,20366120.0
4789,2808204.8
4790,55103596.0
4791,3357420.8
4792,2506112.0
4793,23117176.0
4794,1938262.6
4795,7891581.5
4796,4584968.5
4797,856463000.0
4798,52704150.0
4799,20895926.0
4800,31409686.0
4801,213132.1
4802,45467680.0
4803,419254.47
4804,997463.1
4805,228605.52
4806,2667493.5
4807,1106235.9
4808,799117.75
4809,171494960.0
4810,427726.22
4811,5250540.0
4812,165503700.0
4813,111733304.0
4814,2536710.8
4815,20516530.0
4816,13167617.0
4817,6926326.0
4818,25343440.0
4819,5442014.0
4820,50236400.0
4821,1071343.6
4822,1518786.2
4823,6857283.5
4824,37759870.0
4825,72287700.0
4826,6487916.5
4827,55553524.0
4828,10447616.0
4829,15907813.0
4830,17886932.0
4831,37700400.0
4832,8724864.0
4833,11858659.0
4834,3733204.0
4835,38389656.0
4836,5367808.0
4837,414893700.0
4838,24726986.0
4839,111456.04
4840,472269500.0
4841,104734.03
4842,44583384.0
4843,85312080.0
4844,1524261.5
4845,21452952.0
4846,2036823.4
4847,586923840.0
4848,68501976.0
4849,417987620.0
4850,17374328.0
4851,144627.97
4852,3591622.2
4853,21900048.0
4854,18672206.0
4855,87451500.0
4856,9834828.0
4857,32103350.0
4858,49638140.0
4859,3602995.2
4860,288296700.0
4861,168264030.0
4862,217550350.0
4863,238014610.0
4864,46882308.0
4865,33612050.0
4866,14576613.0
4867,55089680.0
4868,4106067.8
4869,487077.8
4870,12703863.0
4871,19298120.0
4872,2863415.8
4873,8319680.0
4874,76552830.0
4875,19642938.0
4876,25484384.0
4877,32142674.0
4878,5646621.5
4879,18165368.0
4880,28968552.0
4881,973273.56
4882,13890751.0
4883,35399996.0
4884,74185430.0
4885,6050848.5
4886,19707920.0
4887,681118.44
4888,5276687.0
4889,1870964.1
4890,80347224.0
4891,385582.7
4892,1895523.4
4893,52980196.0
4894,4853513.0
4895,2757521.5
4896,32183212.0
4897,956097.3
4898,116572970.0
4899,120549180.0
4900,209011250.0
4901,48602180.0
4902,2462919.0
4903,1925420.8
4904,266805280.0
4905,9962806.0
4906,78667.19
4907,915807550.0
4908,13857557.0
4909,102551390.0
4910,31766594.0
4911,13713253.0
4912,45293692.0
4913,14217758.0
4914,71399780.0
4915,40849636.0
4916,25054656.0
4917,4699278.0
4918,252269760.0
4919,26677708.0
4920,41152844.0
4921,59139216.0
4922,21274546.0
4923,2111199.5
4924,62391716.0
4925,76690510.0
4926,5409.001
4927,18606336.0
4928,13329095.0
4929,2538393.8
4930,14954216.0
4931,22520596.0
4932,519524.53
4933,101322780.0
4934,2019026.4
4935,684898300.0
4936,4660931.0
4937,524362.1
4938,12576584.0
4939,350936.44
4940,1997400.5
4941,54867920.0
4942,1880278.5
4943,101700490.0
4944,62194080.0
4945,242587.36
4946,5776538.0
4947,470664.53
4948,1490648.9
4949,20461752.0
4950,49897550.0
4951,24052176.0
4952,10811330.0
4953,76399680.0
4954,11586456.0
4955,1236953.8
4956,1928085.8
4957,24083058.0
4958,6929994.5
4959,21943938.0
4960,3779874.8
4961,64209604.0
4962,10846845.0
4963,68340824.0
4964,7465034.5
4965,2283065.8
4966,5528449.5
4967,26171070.0
4968,16467671.0
4969,16368.603
4970,842496.5
4971,39280310.0
4972,9935814.0
4973,2611129.5
4974,116225690.0
4975,7115631.5
4976,429772.7
4977,57731716.0
4978,4190476.2
4979,12526323.0
4980,16595087.0
4981,9242752.0
4982,69566980.0
4983,41483.164
4984,47072424.0
4985,356890720.0
4986,579826.06
4987,2272962.8
4988,1532898.2
4989,21557350.0
4990,591398.94
4991,8176379.5
4992,118352900.0
4993,12206816.0
4994,46098756.0
4995,301624.88
4996,13192638.0
4997,39374830.0
4998,16721118.0
4999,46374744.0
5000,118517416.0
5001,340027650.0
5002,196570460.0
5003,78835640.0
5004,15059736.0
5005,17027748.0
5006,197896690.0
5007,46125228.0
5008,390449800.0
5009,31396956.0
5010,2832780.5
5011,6099670.0
5012,42784980.0
5013,35550050.0
5014,49036750.0
5015,11482007.0
5016,90141960.0
5017,12079400.0
5018,24587558.0
5019,40961108.0
5020,4254068.0
5021,134326.05
5022,26384374.0
5023,2694473.0
5024,88165660.0
5025,846913.5
5026,92200510.0
5027,22648350.0
5028,89400050.0
5029,63769784.0
5030,20185440.0
5031,2732379.0
5032,94839080.0
5033,2220440.0
5034,8441837.0
5035,1845800.9
5036,10957188.0
5037,22764190.0
5038,517767230.0
5039,1299582.9
5040,31551310.0
5041,25180630.0
5042,12802824.0
5043,12412070.0
5044,283388540.0
5045,1853136.0
5046,3589650.5
5047,2991483.8
5048,1691296.5
5049,57016028.0
5050,439993.4
5051,240503400.0
5052,83215464.0
5053,27274186.0
5054,44738530.0
5055,9724564.0
5056,13058285.0
5057,22858130.0
5058,13680337.0
5059,14359668.0
5060,91587780.0
5061,42617456.0
5062,385897.56
5063,180754.36
5064,41131036.0
5065,6414203.5
5066,7864546.5
5067,32036024.0
5068,18655552.0
5069,88287576.0
5070,8559850.0
5071,90430136.0
5072,53625116.0
5073,3457062.5
5074,2148024.5
5075,3673244.5
5076,35660160.0
5077,115240904.0
5078,5652209.0
5079,5389883.0
5080,130977336.0
5081,22637150.0
5082,25420356.0
5083,600129.44
5084,20216998.0
5085,2405402.2
5086,14223611.0
5087,2687399.5
5088,1315695.0
5089,836287.75
5090,8267337.5
5091,8519965.0
5092,24734218.0
5093,29861750.0
5094,39390270.0
5095,92300870.0
5096,39045696.0
5097,394494.72
5098,897549.75
5099,1678474.0
5100,1419031.4
5101,576446.5
5102,4043875.0
5103,284566.75
5104,55655550.0
5105,1788054.6
5106,741005.2
5107,4225730.0
5108,24359602.0
5109,138796.62
5110,56450530.0
5111,68754480.0
5112,10540516.0
5113,527439.8
5114,12158544.0
5115,1333326.4
5116,3462910.0
5117,311210500.0
5118,27676060.0
5119,77189.26
5120,228740.22
5121,79211480.0
5122,31556062.0
5123,21863144.0
5124,5080582.0
5125,19892262.0
5126,4165122.5
5127,39591024.0
5128,277072.4
5129,1498268.0
5130,61915176.0
5131,8410640.0
5132,16295192.0
5133,98709400.0
5134,104571130.0
5135,139790130.0
5136,4034220.0
5137,73837620.0
5138,20837958.0
5139,131606190.0
5140,129979224.0
5141,50247780.0
5142,131999090.0
5143,85741110.0
5144,39331772.0
5145,18094392.0
5146,2266397.8
5147,9041128.0
5148,37140220.0
5149,1422049.1
5150,415075600.0
5151,359976420.0
5152,77798350.0
5153,3268672.5
5154,34012410.0
5155,1232311.6
5156,674206200.0
5157,4224103.5
5158,579736.44
5159,137187710.0
5160,37488140.0
5161,11526165.0
5162,75478310.0
5163,221314160.0
5164,1184228.6
5165,73303224.0
5166,99343130.0
5167,3771256.5
5168,5862928.5
5169,14962867.0
5170,12811791.0
5171,65260880.0
5172,2826860.5
5173,39574316.0
5174,64554380.0
5175,704737.5
5176,5376479.0
5177,196025520.0
5178,357435260.0
5179,1292037.2
5180,29380104.0
5181,1643422.9
5182,19231668.0
5183,1332733.8
5184,10949253.0
5185,9501944.0
5186,3767082.0
5187,1431806.0
5188,3876535.5
5189,19465106.0
5190,367336740.0
5191,24934134.0
5192,82642296.0
5193,167728690.0
5194,58014560.0
5195,123613910.0
5196,32244044.0
5197,65211940.0
5198,32786906.0
5199,11560606.0
5200,4128786.0
5201,18469656.0
5202,2074911.4
5203,646311.6
5204,243421.34
5205,5507207.0
5206,15317350.0
5207,3367905.2
5208,4852702.0
5209,99451224.0
5210,21461690.0
5211,12779165.0
5212,3050084.2
5213,71999990.0
5214,57037.5
5215,12283967.0
5216,25879110.0
5217,2174613.2
5218,11468728.0
5219,4348817.0
5220,44544190.0
5221,1147231.0
5222,4083040.0
5223,72857000.0
5224,137527.84
5225,91462.516
5226,44976790.0
5227,2933666.5
5228,15180054.0
5229,278019780.0
5230,10536351.0
5231,7637103.0
5232,910790.25
5233,659940.44
5234,131018010.0
5235,29080078.0
5236,229225780.0
5237,118943630.0
5238,5658398.0
5239,22222870.0
5240,78585496.0
5241,20231288.0
5242,22620420.0
5243,2578998.2
5244,42008652.0
5245,650044.56
5246,8667076.0
5247,52111748.0
5248,256886.73
5249,22197188.0
5250,154570980.0
5251,17487706.0
5252,83848.35
5253,4556613.5
5254,2043042.8
5255,108311550.0
5256,31642070.0
5257,1157513.2
5258,616230.94
5259,110283760.0
5260,2728093.5
5261,29445924.0
5262,8363604.0
5263,37932610.0
5264,1158682.6
5265,6600212.0
5266,29283452.0
5267,860100.3
5268,9869863.0
5269,63230230.0
5270,44193428.0
5271,18590030.0
5272,152247890.0
5273,104000.25
5274,42535744.0
5275,16304890.0
5276,12668393.0
5277,1506604.2
5278,8356364.0
5279,12624627.0
5280,10538100.0
5281,7399352.0
5282,36494116.0
5283,1397308.5
5284,9905351.0
5285,151182830.0
5286,6252442.5
5287,4068769.8
5288,397678.38
5289,44475870.0
5290,121309670.0
5291,648508300.0
5292,152706110.0
5293,246930720.0
5294,800171.6
5295,1010244500.0
5296,1294802.6
5297,36538610.0
5298,84687610.0
5299,2357688.8
5300,1774827.0
5301,9286474.0
5302,107284824.0
5303,1726770.6
5304,5053090.0
5305,935571.06
5306,40327296.0
5307,239420620.0
5308,89462.914
5309,762003.2
5310,49541720.0
5311,7096439.0
5312,122803570.0
5313,526486180.0
5314,63635220.0
5315,1528698.4
5316,29701244.0
5317,12864648.0
5318,8656163.0
5319,6416322.5
5320,16080481.0
5321,24005776.0
5322,874403.0
5323,71170150.0
5324,16172648.0
5325,2916564.2
5326,8297632.0
5327,108414264.0
5328,8407954.0
5329,3731009.0
5330,130500020.0
5331,1596098.5
5332,2730428.0
5333,60850932.0
5334,21765212.0
5335,1252758.4
5336,9948933.0
5337,364915.8
5338,27474324.0
5339,5340895.5
5340,8265417.5
5341,99401470.0
5342,110045830.0
5343,32036856.0
5344,58867216.0
5345,786096.5
5346,92695500.0
5347,237143.23
5348,5895970.0
5349,779402.5
5350,1125431.9
5351,181962260.0
5352,641899.6
5353,42301884.0
5354,91561450.0
5355,89421150.0
5356,21423346.0
5357,1535704.4
5358,38283570.0
5359,18324204.0
5360,121957816.0
5361,7255871.5
5362,3381813.8
5363,24926160.0
5364,673473.25
5365,32478402.0
5366,162313740.0
5367,105926200.0
5368,12478522.0
5369,209870610.0
5370,22540596.0
5371,24612458.0
5372,724425000.0
5373,10332042.0
5374,97106700.0
5375,275762500.0
5376,159318000.0
5377,35479356.0
5378,625663.8
5379,19340670.0
5380,44840532.0
5381,74476080.0
5382,182015900.0
5383,134108.39
5384,366194430.0
5385,62373324.0
5386,29281056.0
5387,3841925.5
5388,388738530.0
5389,13212389.0
5390,22862650.0
5391,35435748.0
5392,574417.6
5393,5457977.0
5394,29981384.0
5395,4271349.5
5396,145702960.0
5397,3717784.5
5398,11718932.0
5399,587113.94
5400,5622921.0
5401,97812400.0
5402,38285880.0
5403,26900434.0
5404,919528.6
5405,65152310.0
5406,1755566.5
5407,294170750.0
5408,823408100.0
5409,95230680.0
5410,1766512.9
5411,30086428.0
5412,41851.1
5413,1271197.5
5414,124712550.0
5415,53945700.0
5416,19041098.0
5417,111234330.0
5418,144985.3
5419,730393.44
5420,22200348.0
5421,25125526.0
5422,101282160.0
5423,264454580.0
5424,144242770.0
5425,6586658.0
5426,17551922.0
5427,838985.25
5428,2024045.1
5429,72435256.0
5430,123003690.0
5431,19261556.0
5432,83223176.0
5433,48997576.0
5434,35122956.0
5435,10097803.0
5436,25884792.0
5437,38388196.0
5438,4276732.0
5439,433365.72
5440,145267870.0
5441,1571713.9
5442,92202160.0
5443,87219700.0
5444,37617596.0
5445,43162776.0
5446,113543790.0
5447,7878501.5
5448,12562378.0
5449,81462480.0
5450,4531763.5
5451,12140138.0
5452,2557828.0
5453,223693400.0
5454,61920190.0
5455,54791090.0
5456,14585237.0
5457,47940836.0
5458,4054378.8
5459,8113627.0
5460,273369.66
5461,86696.04
5462,493287.66
5463,1072137900.0
5464,194228.75
5465,19112336.0
5466,24196400.0
5467,20474510.0
5468,92067224.0
5469,233125.1
5470,240038620.0
5471,65960828.0
5472,55236090.0
5473,12752992.0
5474,12351838.0
5475,23162006.0
5476,15540660.0
5477,6467557.5
5478,68032830.0
5479,71874940.0
5480,11218890.0
5481,4475504.0
5482,23518418.0
5483,7054129.0
5484,176248800.0
5485,6055816.5
5486,5277721.5
5487,490875800.0
5488,46370910.0
5489,36078948.0
5490,9800269.0
5491,26374646.0
5492,38130196.0
5493,9608650.0
5494,162560.92
5495,6367799.5
5496,31929812.0
5497,27985478.0
5498,474930.84
5499,59304516.0
5500,33405012.0
5501,2753254.5
5502,3037636.0
5503,14458573.0
5504,29624104.0
5505,575126.06
5506,427216700.0
5507,17020980.0
5508,102442180.0
5509,166561020.0
5510,27092632.0
5511,1540222.9
5512,64322680.0
5513,430371.56
5514,18880354.0
5515,2565090.5
5516,1535342.8
5517,186876340.0
5518,13842328.0
5519,219524320.0
5520,121664.55
5521,18475860.0
5522,73222.734
5523,295880200.0
5524,379032160.0
5525,63303124.0
5526,7739150.5
5527,249290.89
5528,57615090.0
5529,198193.58
5530,249136420.0
5531,1546607.9
5532,12017237.0
5533,73972850.0
5534,386582980.0
5535,822709.2
5536,1122774.0
5537,5254225.0
5538,11820805.0
5539,134738260.0
5540,29972876.0
5541,193873230.0
5542,485195.9
5543,8847321.0
5544,45433640.0
5545,85731.625
5546,12895360.0
5547,6308236.5
5548,8697871.0
5549,23674574.0
5550,32171144.0
5551,14017601.0
5552,32800226.0
5553,16051942.0
5554,4059246.0
5555,26626886.0
5556,14901594.0
5557,3363940.8
5558,618978900.0
5559,4385859.0
5560,162588.61
5561,19637580.0
5562,42218524.0
5563,113608.945
5564,1035909.5
5565,12989526.0
5566,14915164.0
5567,8185114.0
5568,14187348.0
5569,57918572.0
5570,43021660.0
5571,79181304.0
5572,1032593.7
5573,139289920.0
5574,39375490.0
5575,132242160.0
5576,48490810.0
5577,42520950.0
5578,12838836.0
5579,6395017.5
5580,1512318.5
5581,22862038.0
5582,17345930.0
5583,52163920.0
5584,11820822.0
5585,21042152.0
5586,727008.8
5587,28790350.0
5588,212069740.0
5589,66021544.0
5590,878818.25
5591,8106257.5
5592,12556580.0
5593,20321710.0
5594,4511058.0
5595,57593344.0
5596,147412670.0
5597,4812806.0
5598,59728780.0
5599,5903017.0
5600,5047072.5
5601,26906172.0
5602,62783900.0
5603,1623935.5
5604,21556148.0
5605,195343300.0
5606,58620990.0
5607,14292229.0
5608,87499790.0
5609,19300330.0
5610,31773364.0
5611,34604904.0
5612,578380740.0
5613,7585063.5
5614,9810533.0
5615,41679350.0
5616,12870824.0
5617,267545890.0
5618,18720488.0
5619,31927290.0
5620,4647662.0
5621,37699700.0
5622,8372894.0
5623,10175911.0
5624,476708220.0
5625,3599296.2
5626,3879825.5
5627,90672290.0
5628,37581650.0
5629,167448540.0
5630,11039329.0
5631,37646480.0
5632,65808508.0
5633,18034618.0
5634,3840624.2
5635,46174080.0
5636,2064563.9
5637,4652183.5
5638,81814840.0
5639,2572118.2
5640,1461275.0
5641,44887704.0
5642,11416680.0
5643,3291270.2
5644,966166140.0
5645,175753700.0
5646,6361048.0
5647,5665011.0
5648,82395464.0
5649,1191945.0
5650,94810460.0
5651,28005826.0
5652,1587800.1
5653,133965416.0
5654,86256530.0
5655,38037190.0
5656,971343700.0
5657,658535.2
5658,13100524.0
5659,32981136.0
5660,138848600.0
5661,2324320.0
5662,451037630.0
5663,6297025.5
5664,2371052.0
5665,42930424.0
5666,29201854.0
5667,35273104.0
5668,474339.03
5669,6622236.5
5670,410045100.0
5671,9439411.0
5672,2409010.5
5673,63803220.0
5674,5537778.0
5675,821357.75
5676,266045.84
5677,75882780.0
5678,51749324.0
5679,2224286.2
5680,27946216.0
5681,990494660.0
5682,958954.44
5683,477844380.0
5684,62052240.0
5685,10255617.0
5686,912006.44
5687,85758400.0
5688,17540996.0
5689,23641126.0
5690,4252046.5
5691,87194900.0
5692,443655140.0
5693,22847046.0
5694,52444356.0
5695,3445256.8
5696,23860598.0
5697,5031.0615
5698,6445777.0
5699,1736723.5
5700,59406660.0
5701,13644664.0
5702,32863452.0
5703,73916980.0
5704,55374856.0
5705,9130199.0
5706,365552.47
5707,42253530.0
5708,6895876.0
5709,57427910.0
5710,683237.6
5711,8706937.0
5712,100567770.0
5713,29485350.0
5714,10496502.0
5715,5559122.5
5716,241600.33
5717,10836910.0
5718,3043306.2
5719,29997676.0
5720,5795275.0
5721,23724682.0
5722,958820.9
5723,36864230.0
5724,1759645.8
5725,371518.75
5726,69693970.0
5727,90704370.0
5728,5664782.0
5729,203085300.0
5730,6280590.5
5731,141578.31
5732,3894880.2
5733,2547273.8
5734,19886986.0
5735,3268073.0
5736,40786136.0
5737,22196554.0
5738,65805680.0
5739,11209899.0
5740,18323436.0
5741,82534450.0
5742,49417308.0
5743,15694595.0
5744,765545.9
5745,8556503.0
5746,33687564.0
5747,1753143.8
5748,87854456.0
5749,66028996.0
5750,56270160.0
5751,41311050.0
5752,2557496.2
5753,291687200.0
5754,25027956.0
5755,75966664.0
5756,28665380.0
5757,11998415.0
5758,63408.445
5759,22295436.0
5760,357650.22
5761,229578.55
5762,131841610.0
5763,74577440.0
5764,4701207.0
5765,53436500.0
5766,48825016.0
5767,19645440.0
5768,49754684.0
5769,416582850.0
5770,12347706.0
5771,20994402.0
5772,31029128.0
5773,329591170.0
5774,31162304.0
5775,131107900.0
5776,3228680.0
5777,175922080.0
5778,118820696.0
5779,158590430.0
5780,2509837.8
5781,60309656.0
5782,55155250.0
5783,104386620.0
5784,766041.25
5785,60849570.0
5786,30970182.0
5787,165065060.0
5788,793418.6
5789,21445850.0
5790,69541944.0
5791,217329890.0
5792,6050747.0
5793,12961394.0
5794,54194404.0
5795,95581210.0
5796,20833334.0
5797,25387992.0
5798,401079.25
5799,88509310.0
5800,136309.95
5801,8133437.5
5802,2788809.0
5803,1963544.9
5804,378916770.0
5805,2553701.0
5806,6160838.0
5807,36944864.0
5808,30199824.0
5809,7810542.5
5810,257481.83
5811,1700212.4
5812,77457130.0
5813,98625560.0
5814,2279388.5
5815,10275238.0
5816,7570097.0
5817,53177.793
5818,5208739.5
5819,21408196.0
5820,7826333.0
5821,975649.56
5822,77554.914
5823,22581476.0
5824,36273240.0
5825,18312562.0
5826,10335269.0
5827,491707.44
5828,238074350.0
5829,56583710.0
5830,28762066.0
5831,73704136.0
5832,40709676.0
5833,17999292.0
5834,4341934.5
5835,120668.41
5836,61631704.0
5837,44109770.0
5838,532664.2
5839,121333784.0
5840,737463.9
5841,72960560.0
5842,26365370.0
5843,11718353.0
5844,1479552.6
5845,1504272.5
5846,3098441.8
5847,51007504.0
5848,35326070.0
5849,855642.44
5850,32413204.0
5851,9767488.0
5852,8508844.0
5853,27402786.0
5854,17417446.0
5855,113206680.0
5856,11225012.0
5857,838997570.0
5858,1108342.8
5859,40245880.0
5860,126855680.0
5861,1029773.2
5862,20995170.0
5863,75727020.0
5864,601097500.0
5865,10295927.0
5866,4217819.5
5867,7576135.0
5868,30477434.0
5869,3180222.2
5870,533947.2
5871,66364744.0
5872,300437800.0
5873,10990635.0
5874,2181633.0
5875,27528784.0
5876,72585460.0
5877,2134801.2
5878,60707740.0
5879,4439243.0
5880,186070020.0
5881,143183660.0
5882,417503070.0
5883,1622933.2
5884,23167764.0
5885,7547482.5
5886,16533479.0
5887,12463438.0
5888,13186118.0
5889,4607472.0
5890,38254188.0
5891,58217708.0
5892,15736309.0
5893,825364.6
5894,72865336.0
5895,12798864.0
5896,84316056.0
5897,220902.97
5898,50067056.0
5899,971298.1
5900,2658345.2
5901,66324.38
5902,21573784.0
5903,80921740.0
5904,40271664.0
5905,73204080.0
5906,67613410.0
5907,420657.72
5908,51153936.0
5909,20323478.0
5910,17872534.0
5911,10459984.0
5912,282753950.0
5913,103780450.0
5914,12568690.0
5915,5733127.5
5916,30003718.0
5917,217891900.0
5918,77136310.0
5919,90560060.0
5920,5365183.0
5921,55557932.0
5922,9342503.0
5923,6009075.0
5924,16730872.0
5925,412224770.0
5926,348719.5
5927,1188113.0
5928,27582198.0
5929,849516.3
5930,69116750.0
5931,39934296.0
5932,560627.75
5933,6627683.5
5934,26464110.0
5935,309394980.0
5936,42424370.0
5937,707069.94
5938,2565278.8
5939,22142954.0
5940,168950830.0
5941,5245698.0
5942,85959590.0
5943,3970776.5
5944,25577154.0
5945,2451407.5
5946,402922.16
5947,961511.9
5948,111743400.0
5949,1469731.4
5950,150828980.0
5951,49011724.0
5952,6618878.0
5953,130008536.0
5954,9855237.0
5955,34725904.0
5956,87066950.0
5957,77541580.0
5958,43278780.0
5959,5941540.0
5960,9051256.0
5961,2490479.2
5962,5218087.0
5963,24144072.0
5964,68158616.0
5965,41855820.0
5966,42811204.0
5967,188115170.0
5968,24814780.0
5969,55047920.0
5970,10335831.0
5971,931557.94
5972,22794388.0
5973,56130276.0
5974,1679394.4
5975,17756020.0
5976,289503.62
5977,317555.7
5978,642165440.0
5979,2110481.0
5980,97684740.0
5981,2341597.5
5982,102962820.0
5983,1066509.9
5984,30630200.0
5985,72630670.0
5986,1614829.1
5987,14341234.0
5988,21197316.0
5989,1876214.4
5990,71325624.0
5991,761648.06
5992,31233052.0
5993,48934644.0
5994,1428067.4
5995,22191130.0
5996,20316248.0
5997,15308663.0
5998,208677500.0
5999,590060.94
6000,6354135.0
6001,3041189.0
6002,6487070.0
6003,256376100.0
6004,64747028.0
6005,4042999.2
6006,8247180.5
6007,15972638.0
6008,3700413.5
6009,43933836.0
6010,163878200.0
6011,15440317.0
6012,8712523.0
6013,186100060.0
6014,17519038.0
6015,20203752.0
6016,13388125.0
6017,1524016.0
6018,15891413.0
6019,666021.3
6020,1920575.0
6021,12831752.0
6022,3581766.0
6023,6006252.0
6024,1079891.4
6025,9751308.0
6026,156127460.0
6027,11893961.0
6028,53309464.0
6029,2135363.8
6030,211972260.0
6031,58636468.0
6032,41286.312
6033,40094976.0
6034,2574093.0
6035,372910900.0
6036,1011328.6
6037,1023562.5
6038,105911.69
6039,233055.12
6040,24361706.0
6041,163214940.0
6042,342780.16
6043,111829420.0
6044,8223712.0
6045,54262436.0
6046,1767871.8
6047,2041495.9
6048,9721274.0
6049,3199944.8
6050,129214.78
6051,2009833.8
6052,21672268.0
6053,79899.914
6054,1592537.2
6055,2529426.5
6056,45242884.0
6057,668210.56
6058,44069220.0
6059,62699190.0
6060,20091872.0
6061,59943636.0
6062,3401970.8
6063,83675090.0
6064,1170334.1
6065,60140636.0
6066,29378104.0
6067,78288770.0
6068,64526.598
6069,137352450.0
6070,120120280.0
6071,5682658.5
6072,32229292.0
6073,22417660.0
6074,1179476.4
6075,3732356.2
6076,56938412.0
6077,3214945.8
6078,100708920.0
6079,252387500.0
6080,1174229.6
6081,1340380.6
6082,1906999.1
6083,130032320.0
6084,30696300.0
6085,32550000.0
6086,2889452.2
6087,42191900.0
6088,2460009.5
6089,5326902.5
6090,221119420.0
6091,84693.016
6092,3151102.2
6093,15739164.0
6094,90342780.0
6095,90117130.0
6096,3882288.5
6097,20134944.0
6098,17845688.0
6099,37210624.0
6100,16946276.0
6101,103532930.0
6102,63489340.0
6103,46387868.0
6104,256037.64
6105,4562560.5
6106,189968.77
6107,312103.56
6108,36115980.0
6109,5547909.0
6110,101029870.0
6111,826101.44
6112,226532.6
6113,14575430.0
6114,73195810.0
6115,128473440.0
6116,1133359.0
6117,17141324.0
6118,72891490.0
6119,77806376.0
6120,32399556.0
6121,2011862.4
6122,87719080.0
6123,518434.97
6124,1790541.0
6125,4910896.5
6126,11843854.0
6127,9828224.0
6128,101764216.0
6129,14813392.0
6130,102184.87
6131,6801747.5
6132,164101.83
6133,9437462.0
6134,26397180.0
6135,48268204.0
6136,950339500.0
6137,55480304.0
6138,3270136.8
6139,1125483500.0
6140,2957006.8
6141,21755244.0
6142,914820.44
6143,3010696.0
6144,22255282.0
6145,10502919.0
6146,9982448.0
6147,75490560.0
6148,7822596.0
6149,36048524.0
6150,143509980.0
6151,10534695.0
6152,1194417900.0
6153,2852693.2
6154,314849.7
6155,95983130.0
6156,1518992.0
6157,19008286.0
6158,103494470.0
6159,21199644.0
6160,20806194.0
6161,21175630.0
6162,11015218.0
6163,2083475.1
6164,2760302.2
6165,14355652.0
6166,32349896.0
6167,19042826.0
6168,10221681.0
6169,76689920.0
6170,3812024.8
6171,8719253.0
6172,806652.25
6173,13359457.0
6174,13490872.0
6175,7554241.0
6176,45374132.0
6177,42890416.0
6178,1205946.9
6179,262760740.0
6180,23603836.0
6181,24204556.0
6182,594470500.0
6183,15349289.0
6184,498119260.0
6185,14581754.0
6186,3992090.0
6187,3381478.2
6188,32687244.0
6189,7413525.0
6190,80152216.0
6191,2468321.2
6192,30111406.0
6193,6138202.0
6194,2292960.5
6195,1923461.2
6196,15097341.0
6197,5626390.5
6198,71863970.0
6199,773357400.0
6200,1203311.5
6201,5723550.5
6202,144309680.0
6203,809078000.0
6204,2418060.2
6205,2339909.5
6206,83540344.0
6207,55053910.0
6208,54238396.0
6209,84182.9
6210,1018761.8
6211,55584020.0
6212,8016419.0
6213,65290090.0
6214,7921057.0
6215,12080262.0
6216,19474764.0
6217,106072.55
6218,3620717.5
6219,41838710.0
6220,353265.2
6221,4980450.0
6222,1005345.9
6223,23173688.0
6224,14368823.0
6225,63158624.0
6226,14046086.0
6227,12560917.0
6228,1113084.1
6229,737586.5
6230,82503.32
6231,78997130.0
6232,971220.5
6233,140234100.0
6234,18874568.0
6235,28656212.0
6236,15437101.0
6237,4211284.0
6238,5081124.5
6239,225116590.0
6240,126276610.0
6241,1608202.1
6242,6635842.0
6243,7360895.0
6244,38276244.0
6245,3152375.8
6246,2168932.8
6247,268790700.0
6248,1836385.5
6249,5230094.5
6250,35708868.0
6251,73352180.0
6252,10910050.0
6253,9318181.0
6254,159453010.0
6255,3105055.8
6256,12833113.0
6257,100632200.0
6258,252880.17
6259,1747080.1
6260,3220827.8
6261,74718220.0
6262,9433435.0
6263,28592750.0
6264,6134098.5
6265,2514345.8
6266,5670318.5
6267,107774744.0
6268,199853.36
6269,211392020.0
6270,90897810.0
6271,295469250.0
6272,1194720.8
6273,10480686.0
6274,322067620.0
6275,37762824.0
6276,7850604.0
6277,26956306.0
6278,1885096.4
6279,24828684.0
6280,31445140.0
6281,2069906.5
6282,548700400.0
6283,22041528.0
6284,104212520.0
6285,58546252.0
6286,2551454.5
6287,623548.6
6288,102972504.0
6289,163541170.0
6290,63508.08
6291,27589406.0
6292,113331940.0
6293,418674340.0
6294,2744457.5
6295,179912340.0
6296,1840882.5
6297,22862814.0
6298,80985.56
6299,188274.84
6300,32496364.0
6301,17635274.0
6302,4705744.0
6303,5448941.5
6304,13071842.0
6305,127858880.0
6306,49981720.0
6307,1703456.4
6308,790234.3
6309,92604.75
6310,38791696.0
6311,68529.164
6312,2807878.2
6313,23318552.0
6314,39836388.0
6315,4604876.5
6316,49454676.0
6317,100747430.0
6318,41972450.0
6319,35008000.0
6320,1805385.1
6321,144659580.0
6322,77562850.0
6323,11607863.0
6324,1499555.6
6325,74386700.0
6326,804125.2
6327,19579498.0
6328,47204012.0
6329,664810.25
6330,1852407.5
6331,146689420.0
6332,723223.2
6333,8603683.0
6334,1022285.56
6335,34365350.0
6336,17308400.0
6337,51799124.0
6338,328463.4
6339,10017660.0
6340,4982740.5
6341,608405.56
6342,12861936.0
6343,24796848.0
6344,26668054.0
6345,2710005.5
6346,168972110.0
6347,138325360.0
6348,35955710.0
6349,38054172.0
6350,1834395.6
6351,128798200.0
6352,65938164.0
6353,89906.34
6354,743020.0
6355,69769.64
6356,24519362.0
6357,598415.8
6358,1114809.6
6359,6596805.5
6360,10822679.0
6361,161887180.0
6362,929128.9
6363,4610353.5
6364,1982918.8
6365,139757400.0
6366,11070884.0
6367,6223643.5
6368,33647184.0
6369,4038522.5
6370,151577010.0
6371,2214279.5
6372,42605812.0
6373,3045172.5
6374,10709706.0
6375,71641960.0
6376,6786233.0
6377,3003503.0
6378,2960548.5
6379,67554460.0
6380,4174009.5
6381,595205700.0
6382,81353336.0
6383,32951494.0
6384,29841918.0
6385,6972466.0
6386,422249470.0
6387,7536774.5
6388,2514665.8
6389,960514.94
6390,107000050.0
6391,2798004.5
6392,34247550.0
6393,317741920.0
6394,163338980.0
6395,196880.56
6396,413413.6
6397,4904374.0
6398,9879368.0
6399,676179.6
6400,7104289.0
6401,638059.3
6402,19448230.0
6403,795391.1
6404,9003453.0
6405,736234.3
6406,6653260.0
6407,9281274.0
6408,11877911.0
6409,71171580.0
6410,13653453.0
6411,1463961.5
6412,3105542.0
6413,57938384.0
6414,762848260.0
6415,350862.8
6416,1224880.0
6417,80827144.0
6418,46576710.0
6419,12713348.0
6420,31010902.0
6421,39130572.0
6422,275810.75
6423,4002144.2
6424,67784300.0
6425,12145037.0
6426,3300520.5
6427,2584490.2
6428,1131596.8
6429,18603730.0
6430,137048820.0
6431,89623460.0
6432,30753440.0
6433,19500972.0
6434,3442231.5
6435,42955650.0
6436,23366092.0
6437,10734130.0
6438,14659866.0
6439,16340841.0
6440,42280396.0
6441,9637017.0
6442,3233067.8
6443,6784507.0
6444,92682.08
6445,641494800.0
6446,316341660.0
6447,8102727.5
6448,133629.5
6449,25112808.0
6450,9340205.0
6451,9879783.0
6452,49185984.0
6453,49378108.0
6454,10962780.0
6455,26299312.0
6456,17441690.0
6457,64553300.0
6458,322483.88
6459,2675518.2
6460,63592270.0
6461,155084220.0
6462,121421544.0
6463,610243.5
6464,4635183.0
6465,4735890.5
6466,28695636.0
6467,8102317.0
6468,599834.2
6469,11487809.0
6470,1698320.9
6471,1616206.9
6472,10740969.0
6473,6357559.0
6474,4610210.0
6475,873359.75
6476,412980160.0
6477,38411490.0
6478,12846924.0
6479,287780200.0
6480,81968770.0
6481,45116116.0
6482,735558.25
6483,1231445.4
6484,112101000.0
6485,72822460.0
6486,322265.44
6487,64730330.0
6488,42667536.0
6489,724363.5
6490,981966.8
6491,7946144.0
6492,20983704.0
6493,2111353.5
6494,100257470.0
6495,6933121.0
6496,560439100.0
6497,111694060.0
6498,60606896.0
6499,19314448.0
6500,4186869.5
6501,716323.8
6502,95752560.0
6503,7835696.5
6504,4336829.0
6505,10759735.0
6506,9582288.0
6507,4565403.5
6508,67076060.0
6509,1307735.8
6510,1382510.2
6511,7190519.0
6512,1754802.4
6513,13398838.0
6514,1630001.4
6515,59593404.0
6516,40068228.0
6517,1633048.0
6518,20555246.0
6519,52294496.0
6520,2458265.2
6521,162264060.0
6522,28723572.0
6523,36476340.0
6524,21524980.0
6525,54127124.0
6526,380223360.0
6527,248215.86
6528,6279190.0
6529,2507219.5
6530,59008456.0
6531,731270.7
6532,16418667.0
6533,900756.1
6534,241983730.0
6535,5850998.0
6536,26201406.0
6537,40097040.0
6538,24860122.0
6539,215300510.0
6540,103403304.0
6541,69847656.0
6542,17296212.0
6543,309467.88
6544,12135265.0
6545,8773761.0
6546,455985120.0
6547,1480279.8
6548,34142504.0
6549,104265780.0
6550,21313646.0
6551,37727788.0
6552,5979423.0
6553,424265.47
6554,30832624.0
6555,16254698.0
6556,13766209.0
6557,10323153.0
6558,85694120.0
6559,26983458.0
6560,275240670.0
6561,256433.55
6562,75920136.0
6563,7919340.5
6564,9594432.0
6565,12429182.0
6566,30527260.0
6567,4621447.0
6568,20581986.0
6569,520455.72
6570,39943230.0
6571,4176794.5
6572,67944.016
6573,14026765.0
6574,37695956.0
6575,1539961.1
6576,8923692.0
6577,8675423.0
6578,43500680.0
6579,8705037.0
6580,1191193.4
6581,45032016.0
6582,242749.16
6583,173469.22
6584,940369.94
6585,73997160.0
6586,68291256.0
6587,18266302.0
6588,1198924.2
6589,31860352.0
6590,169914060.0
6591,12352014.0
6592,115500160.0
6593,75903960.0
6594,67876744.0
6595,80362.01
6596,110814220.0
6597,276648.88
6598,23423798.0
6599,7312961.5
6600,324288.9
6601,23753578.0
6602,632693440.0
6603,31141618.0
6604,12174836.0
6605,72206520.0
6606,1248426.4
6607,50253440.0
6608,947028.25
6609,3794636.5
6610,4960209.5
6611,2135882.2
6612,630535040.0
6613,37229816.0
6614,200795680.0
6615,1538679.8
6616,104821900.0
6617,29888110.0
6618,41317092.0
6619,5144807.5
6620,3712064.0
6621,19778734.0
6622,71147320.0
6623,227146940.0
6624,88039220.0
6625,96800950.0
6626,16589394.0
6627,106713210.0
6628,149474.23
6629,2746631.5
6630,2757031.8
6631,2479202.2
6632,3569760.5
6633,3547617.0
6634,10644993.0
6635,789583.8
6636,128491760.0
6637,38652924.0
6638,1177725.6
6639,22545042.0
6640,10803703.0
6641,113844330.0
6642,224982530.0
6643,2099863.8
6644,1638565.0
6645,34861560.0
6646,30435722.0
6647,292219.6
6648,18502430.0
6649,1368940.1
6650,462204.56
6651,59609824.0
6652,1045254.06
6653,68380264.0
6654,89538936.0
6655,12749015.0
6656,14766361.0
6657,64711412.0
6658,1271276.2
6659,6854368.5
6660,174876.05
6661,341532.53
6662,6888792.0
6663,627294660.0
6664,2311165.2
6665,506163.6
6666,19964092.0
6667,235315920.0
6668,31965948.0
6669,27388474.0
6670,1059941.9
6671,23192222.0
6672,11556411.0
6673,99967760.0
6674,611736700.0
6675,60056880.0
6676,5042681.5
6677,134910.98
6678,2788217.5
6679,599323700.0
6680,61742228.0
6681,764797000.0
6682,67678424.0
6683,32499110.0
6684,104443.086
6685,2948539.8
6686,16344899.0
6687,76917110.0
6688,12832616.0
6689,26406518.0
6690,395900160.0
6691,968195.8
6692,262868020.0
6693,37742956.0
6694,53014816.0
6695,9533981.0
6696,212826400.0
6697,1836647.0
6698,17964498.0
6699,213302000.0
6700,203068060.0
6701,59070284.0
6702,21056278.0
6703,3631241.5
6704,5448883.5
6705,32258910.0
6706,28558276.0
6707,32805946.0
6708,7001514.5
6709,1753141.5
6710,85502424.0
6711,19423762.0
6712,115305704.0
6713,2180302.8
6714,772606.94
6715,4831773.0
6716,45738700.0
6717,255288580.0
6718,16974076.0
6719,12123604.0
6720,813992.7
6721,42474772.0
6722,4009333.8
6723,76048010.0
6724,29518130.0
6725,3583352.0
6726,54434908.0
6727,6418179.5
6728,5388888.5
6729,9145782.0
6730,19553932.0
6731,1900378.8
6732,2866152.0
6733,17847638.0
6734,7960622.0
6735,36956060.0
6736,2394855.8
6737,1408479.2
6738,5526253.0
6739,4611135.0
6740,324187.34
6741,621722.06
6742,43640644.0
6743,75629830.0
6744,19124874.0
6745,1413998.0
6746,67970920.0
6747,15341032.0
6748,281374.06
6749,957051.56
6750,1721443.1
6751,9897151.0
6752,70842660.0
6753,5125244.0
6754,109063420.0
6755,1032441.06
6756,218340880.0
6757,18798716.0
6758,3958738.2
6759,211158500.0
6760,27576604.0
6761,26620862.0
6762,1719474.8
6763,28627482.0
6764,5590129.5
6765,84471730.0
6766,69258.94
6767,12257972.0
6768,95083590.0
6769,21915110.0
6770,13584653.0
6771,2969290.2
6772,5022113.0
6773,18616880.0
6774,326659040.0
6775,639707800.0
6776,1172819.1
6777,12382640.0
6778,70160560.0
6779,19234806.0
6780,114788360.0
6781,1348642.6
6782,157468020.0
6783,15306451.0
6784,2743972.8
6785,16988690.0
6786,4161251.8
6787,10828097.0
6788,1759724.4
6789,494360.72
6790,5332379.0
6791,32205936.0
6792,238091400.0
6793,49455244.0
6794,4724186.0
6795,6283624.5
6796,801370100.0
6797,14672088.0
6798,21406666.0
6799,823648.5
6800,56270090.0
6801,146694850.0
6802,15501406.0
6803,118264680.0
6804,45755.586
6805,31477112.0
6806,5164572.0
6807,85067070.0
6808,4105275.0
6809,31593310.0
6810,7434272.5
6811,58205530.0
6812,3033957.8
6813,111104460.0
6814,1304405.1
6815,3665485.5
6816,4014491.2
6817,218431.02
6818,121637.28
6819,31768554.0
6820,41219348.0
6821,28126270.0
6822,29813202.0
6823,61462116.0
6824,257764850.0
6825,49460000.0
6826,15153937.0
6827,636873.7
6828,174553.25
6829,1508775.8
6830,6384096.5
6831,60966910.0
6832,16503464.0
6833,4132572.8
6834,3979629.5
6835,86446640.0
6836,2037988.0
6837,123539864.0
6838,2050035.4
6839,4186636.5
6840,23193840.0
6841,13476313.0
6842,6245772.0
6843,5559181.5
6844,32020100.0
6845,8106681.5
6846,61468036.0
6847,686242.06
6848,20929390.0
6849,7212531.0
6850,70329070.0
6851,98617600.0
6852,9004316.0
6853,9937972.0
6854,19838370.0
6855,20946858.0
6856,158888.9
6857,20956022.0
6858,3555554.2
6859,34373620.0
6860,16004179.0
6861,26950022.0
6862,27616670.0
6863,263890300.0
6864,971926.6
6865,2569881.5
6866,84572580.0
6867,36730890.0
6868,824078300.0
6869,30712784.0
6870,587667.8
6871,54288412.0
6872,414497.44
6873,28470472.0
6874,38754656.0
6875,2310961.0
6876,13721224.0
6877,18633524.0
6878,1897681.0
6879,2143859.5
6880,259995.19
6881,2737736.2
6882,76286360.0
6883,79393600.0
6884,19804106.0
6885,7528546.5
6886,409230.22
6887,3125454.0
6888,102013460.0
6889,3632699.2
6890,11558569.0
6891,50557492.0
6892,95887500.0
6893,171881230.0
6894,15799138.0
6895,225958.7
6896,1768737.6
6897,1632257.8
6898,8845063.0
6899,5216744.0
6900,61408124.0
6901,39961280.0
6902,3802787.2
6903,39603280.0
6904,131116090.0
6905,28483226.0
6906,137202180.0
6907,19151166.0
6908,6693513.0
6909,1932227.4
6910,3804776.2
6911,3709139.8
6912,6383679.0
6913,248462990.0
6914,284725920.0
6915,24255594.0
6916,8850362.0
6917,754667260.0
6918,74485976.0
6919,1014317.06
6920,76338730.0
6921,393773800.0
6922,17810648.0
6923,5291699.0
6924,911303.7
6925,5170633.0
6926,6936926.0
6927,345322.38
6928,23652372.0
6929,36044540.0
6930,167156600.0
6931,6337694.5
6932,3898488.5
6933,2639292.8
6934,43321240.0
6935,2931444.5
6936,16482932.0
6937,131359050.0
6938,2324293.5
6939,4448866.5
6940,63598144.0
6941,124246840.0
6942,12912500.0
6943,3803648.0
6944,99680470.0
6945,10026541.0
6946,64020144.0
6947,3021404.8
6948,23046872.0
6949,45394708.0
6950,433623360.0
6951,1249806.1
6952,13280473.0
6953,13700080.0
6954,9156646.0
6955,50267012.0
6956,2468023.8
6957,778516.4
6958,93823.016
6959,2192696.0
6960,37308228.0
6961,8579516.0
6962,170063230.0
6963,17948614.0
6964,21156386.0
6965,1173680.8
6966,54961670.0
6967,214111170.0
6968,1974489.1
6969,373583.5
6970,10069666.0
6971,86901880.0
6972,466444.5
6973,27640090.0
6974,73120940.0
6975,10538654.0
6976,12133936.0
6977,2482140.8
6978,2811124.2
6979,59985824.0
6980,34700324.0
6981,2381758.2
6982,47515304.0
6983,2720516.5
6984,93369470.0
6985,189232460.0
6986,21162348.0
6987,2785881.8
6988,32211186.0
6989,289354.75
6990,222572180.0
6991,2906849.0
6992,2223177.8
6993,1001391.8
6994,50242.92
6995,43042084.0
6996,71900640.0
6997,71206.984
6998,7779699.5
6999,81743990.0
7000,2166304.8
7001,2493817.2
7002,3923212.8
7003,5222297.5
7004,74402220.0
7005,835928.1
7006,209025.89
7007,6743985.0
7008,47856944.0
7009,7822539.0
7010,15685136.0
7011,444072.6
7012,4116406.5
7013,1209640.2
7014,228349.14
7015,203732900.0
7016,263737470.0
7017,11713802.0
7018,15441289.0
7019,89971784.0
7020,33575536.0
7021,6131539.0
7022,27688214.0
7023,104764970.0
7024,7224147.5
7025,4346612.5
7026,179492850.0
7027,84807780.0
7028,1157743.2
7029,29206780.0
7030,38902920.0
7031,46034060.0
7032,14344517.0
7033,4687883.0
7034,46795830.0
7035,23522716.0
7036,3386017.2
7037,17329608.0
7038,10870479.0
7039,31533326.0
7040,7701013.5
7041,54954404.0
7042,71080210.0
7043,733557.75
7044,21213088.0
7045,10816210.0
7046,79592650.0
7047,269676540.0
7048,11258694.0
7049,22215576.0
7050,100519.25
7051,5595100.0
7052,67418216.0
7053,1523870.4
7054,91357710.0
7055,62247076.0
7056,332994720.0
7057,18798956.0
7058,3181454.0
7059,15138322.0
7060,10021989.0
7061,16444932.0
7062,58393830.0
7063,143642.89
7064,141031100.0
7065,45634224.0
7066,3387197.5
7067,298458.0
7068,73633660.0
7069,1604028.4
7070,185655100.0
7071,303775360.0
7072,218658.53
7073,19751588.0
7074,2527326.5
7075,43027732.0
7076,46966360.0
7077,20835432.0
7078,71377704.0
7079,3210517.8
7080,5344326.0
7081,7127815.5
7082,1170988.9
7083,212770.95
7084,56322396.0
7085,5836393.5
7086,1900730.4
7087,121343090.0
7088,39450500.0
7089,1329696.4
7090,4377270.0
7091,7878308.0
7092,186611650.0
7093,12410802.0
7094,55013788.0
7095,2308466.0
7096,8730162.0
7097,176924020.0
7098,20956560.0
7099,64137760.0
7100,12750863.0
7101,11393172.0
7102,1874143.9
7103,3139669.0
7104,22882916.0
7105,35223010.0
7106,16364690.0
7107,15299552.0
7108,938637.1
7109,44304708.0
7110,413142.84
7111,5368340.0
7112,106433590.0
7113,115288570.0
7114,8580290.0
7115,13800830.0
7116,10088660.0
7117,496795.9
7118,18031298.0
7119,26487168.0
7120,280015.22
7121,15118501.0
7122,86665.18
7123,546266.06
7124,339848220.0
7125,15087926.0
7126,231455150.0
7127,51883736.0
7128,4331900.5
7129,9695559.0
7130,12638599.0
7131,16456773.0
7132,24314076.0
7133,65997544.0
7134,16338592.0
7135,83527230.0
7136,35617160.0
7137,13290713.0
7138,15200814.0
7139,343581.28
7140,119539730.0
7141,463748.56
7142,19860278.0
7143,40972240.0
7144,1979255.5
7145,12824260.0
7146,2176808.0
7147,57990140.0
7148,16084843.0
7149,5792804.0
7150,3611651.2
7151,25522386.0
7152,54363172.0
7153,1644049.8
7154,48567430.0
7155,98839960.0
7156,14792740.0
7157,152805310.0
7158,1041881.0
7159,1144602.9
7160,1239792.6
7161,29510204.0
7162,386099740.0
7163,6789240.5
7164,742500.5
7165,127541060.0
7166,5526264.5
7167,365395.5
7168,678228.25
7169,5310692.5
7170,2717673.5
7171,8647552.0
7172,7743026.0
7173,8593094.0
7174,4514151.5
7175,623630.75
7176,15528312.0
7177,83820220.0
7178,37183396.0
7179,87004080.0
7180,882777.56
7181,4344168.0
7182,43164790.0
7183,1629112.8
7184,920960600.0
7185,14975970.0
7186,27675224.0
7187,34979324.0
7188,82561800.0
7189,24149802.0
7190,2012970.0
7191,322475.9
7192,22230374.0
7193,25007246.0
7194,392151040.0
7195,8789450.0
7196,16450675.0
7197,11194436.0
7198,14637647.0
7199,4008668.5
7200,41433030.0
7201,1802586.0
7202,29940304.0
7203,427217.7
7204,83245220.0
7205,174350540.0
7206,109269490.0
7207,651792400.0
7208,17011370.0
7209,6360720.0
7210,371095.12
7211,220538.67
7212,19879406.0
7213,19204378.0
7214,327310980.0
7215,96174600.0
7216,98051900.0
7217,333990.0
7218,22279946.0
7219,16193183.0
7220,39385690.0
7221,7685923.0
7222,10225722.0
7223,8918713.0
7224,10042946.0
7225,882256.6
7226,34086292.0
7227,48682610.0
7228,18542414.0
7229,12699318.0
7230,987383.9
7231,6351808.5
7232,256993700.0
7233,202849970.0
7234,203169340.0
7235,10934874.0
7236,69872620.0
7237,9836159.0
7238,3142496.5
7239,834127100.0
7240,11521004.0
7241,210052660.0
7242,46534836.0
7243,10410814.0
7244,66935164.0
7245,1014594.56
7246,2552088.0
7247,65993256.0
7248,83375870.0
7249,2838386.8
7250,451292.9
7251,34590330.0
7252,15503994.0
7253,5177993.0
7254,42998904.0
7255,235311.97
7256,5208723.5
7257,13451706.0
7258,38089736.0
7259,9592590.0
7260,559279.8
7261,423637630.0
7262,46377.434
7263,46320692.0
7264,4039278.2
7265,12803172.0
7266,20580914.0
7267,183802.69
7268,5517484.0
7269,83053690.0
7270,239450450.0
7271,528926.1
7272,8590511.0
7273,2273550.5
7274,2211776.5
7275,15688437.0
7276,4139313.0
7277,277022850.0
7278,157932420.0
7279,241120910.0
7280,67820010.0
7281,45694744.0
7282,41501700.0
7283,189147440.0
7284,242000.02
7285,27301132.0
7286,311977950.0
7287,8023356.0
7288,3210924.0
7289,72884970.0
7290,12583456.0
7291,40284108.0
7292,1884078.9
7293,32301520.0
7294,13656500.0
7295,50761130.0
7296,393012.38
7297,31010240.0
7298,4947295.5
7299,4038766.5
7300,2570090.5
7301,34873920.0
7302,760997.5
7303,836670.0
7304,12564023.0
7305,3191349.5
7306,713314750.0
7307,1354074.9
7308,2233018.2
7309,12066556.0
7310,9880324.0
7311,5055970.5
7312,58948310.0
7313,146403440.0
7314,3958975.5
7315,3503320.8
7316,6239417.5
7317,15234949.0
7318,95984170.0
7319,2666949.0
7320,143264430.0
7321,1122810.5
7322,2770174.0
7323,56754188.0
7324,8672214.0
7325,288168500.0
7326,261071970.0
7327,2246549.2
7328,33260564.0
7329,125833450.0
7330,274019140.0
7331,68203560.0
7332,34227930.0
7333,73464920.0
7334,8317019.5
7335,80208070.0
7336,11357871.0
7337,6992314.0
7338,51151584.0
7339,56159164.0
7340,2784674.8
7341,120326.89
7342,80487440.0
7343,5869079.5
7344,2897568.0
7345,6561126.5
7346,6277093.0
7347,20817002.0
7348,1368049.8
7349,62696844.0
7350,4005022.8
7351,29216274.0
7352,700024.94
7353,8421920.0
7354,54396.125
7355,22147808.0
7356,27614574.0
7357,2071662.0
7358,14913307.0
7359,45547900.0
7360,23751648.0
7361,172157.52
7362,169764400.0
7363,832514800.0
7364,253273.14
7365,58366148.0
7366,15588102.0
7367,1950517.4
7368,18257716.0
7369,10984524.0
7370,33409826.0
7371,1637712.8
7372,61181364.0
7373,223217500.0
7374,36162570.0
7375,41647850.0
7376,84241.086
7377,11617557.0
7378,61618772.0
7379,33783156.0
7380,3021809.2
7381,3052970.5
7382,1018594.25
7383,205118.27
7384,19318604.0
7385,37889300.0
7386,35861640.0
7387,2717623.2
7388,3777079.2
7389,704958.4
7390,206243.06
7391,5829169.0
7392,10599146.0
7393,794970600.0
7394,48838020.0
7395,40439004.0
7396,41046236.0
7397,9825337.0
7398,1312151.4
